{"mtx": [[752.4004335863569, 0.0, 948.3269902566], [0.0, 750.6114913192772, 528.6929173424752], [0.0, 0.0, 1.0]], "dist": [[-0.16992295028871146, -0.6311265648718585, -0.011334941711591032, 0.0007450871111455262, 1.5659538592066513]], "rvecs": [[[-0.6123777518139277], [0.8302084600733826], [1.2633058928404488]], [[0.02099577408513006], [0.0036861828863224326], [1.4894532200752584]], [[0.0515885899597999], [-0.06322157624755294], [1.5719973502143552]], [[-0.8429362359492205], [0.8802565626043357], [1.3807289421051463]], [[-0.5334595423353711], [0.6437289752491161], [1.5481000585407123]], [[-0.7462738426846792], [0.4882455753502585], [1.480609945212963]], [[0.2523634490956012], [-0.15405924129840076], [1.4866410012793645]], [[-0.9754895197186133], [1.2945637995714652], [1.2300057779292162]], [[-0.6271194784226977], [1.1339219628351602], [1.3287450143960307]], [[-0.05017920582365474], [0.14016384318528258], [1.5328465680772916]], [[-0.7151976184787511], [-0.3566820231028943], [1.7298021586391725]], [[0.4304764911457227], [0.7597870124409826], [1.234337466152827]], [[0.12440871637645991], [-0.1043735584208282], [1.5281051358408508]], [[-0.8981393673568269], [0.9987443733263094], [1.3106655613052913]], [[-0.7538296635425865], [0.8769671167059692], [1.3523159831871905]], [[-0.314040782749607], [0.34221373360663737], [1.5502569226810499]], [[-0.5822153643445862], [0.1461498578456993], [1.5540495631613915]]], "tvecs": [[[5.395819170125612], [18.264918662736843], [58.83177571302171]], [[14.900642102683864], [8.077244212125127], [49.21434976548466]], [[6.577906034179457], [-5.597747686327696], [52.639066105759014]], [[5.719090823951721], [18.34475115162407], [43.62048978422529]], [[14.37943382302463], [26.225352572133797], [88.4563810946525]], [[-1.4344280282042259], [27.203136396053864], [85.9656164820904]], [[15.260323922211578], [10.822984428310663], [84.18525431884302]], [[15.878339698430896], [36.53230725504836], [71.26010521657402]], [[13.711398489778455], [29.06425360546838], [79.61078864935709]], [[5.216602411273056], [0.2925405159388357], [19.33332316131381]], [[-0.5017273829112029], [2.2220422865735983], [25.124667060630408]], [[7.172159387205412], [-0.31700306674251044], [19.53679599788884]], [[4.530956556920836], [-13.15211856968808], [28.180021822889]], [[5.397200830592238], [6.471463742892794], [24.578154038484893]], [[5.3667141323375995], [3.83082236493307], [25.722129831817465]], [[4.7213525372551235], [8.837457462118836], [48.45404077033666]], [[-7.773113326993444], [9.846548635950098], [50.68063678695014]]], "fx": 752.4004335863569, "fy": 750.6114913192772, "cx": 948.3269902566, "cy": 528.6929173424752, "tagsize": 0.1524}